nr,name,listed
1,Academic Press,Academic Press
2,Addison Wesley,Addison Wesley
3,Aldine de Gruyter,Aldine de Gruyter
4,Allen and Unwin,Allen and Unwin
5,Almqvist and Wiksell Inter,Almqvist and Wiksell Inter
6,Almqvist & Wiksell,Almqvist and Wiksell Inter
7,Almqvist & Wiksell International,Almqvist and Wiksell Inter
8,American Chemical Society,American Chemical Society
9,American Institute of Physics,American Institute of Physics
10,American Psychological Association,American Psychological Association
11,Amsterdam University Press,Amsterdam University Press
12,ANU E Press,ANU E Press
13,Ashgate,Ashgate
14,Aspen,Aspen
15,Atheneum,Atheneum
16,"Basic Books, Inc.","Basic Books, Inc."
17,Belknap Press,Belknap Press
18,Berg,Berg
19,Birkhäuser,Birkhäuser
20,Blackwell,Blackwell
21,Brill,Brill
22,Brookings Institution,Brookings Institution
23,Bruylant,Bruylant
24,CAB International,CAB International
25,Cambridge University Press,Cambridge University Press
26,Cameron May,Cameron May
27,Chandler Publishing,Chandler Publishing
28,Cheltenham,Cheltenham
29,CNRS,CNRS
30,Collins,Collins
31,Columbia University Press,Columbia University Press
32,Consulting Psychologist Press,Consulting Psychologist Press
33,Continuum Press,Continuum Press
34,Cornell University Press,Cornell University Press
35,Corwin Press,Corwin Press
36,CQPress,CQPress
37,CQ Press,CQPress
38,CRC Press,CRC Press
39,Croom Helm,Croom Helm
40,Dartmouth Press,Dartmouth Press
41,Doubleday,Doubleday
42,Droz,Droz
43,Duckworth,Duckworth
44,Duke University Press,Duke University Press
45,Earthscan,Earthscan
46,Edward Arnold,Edward Arnold
47,Edward Elgar,Edward Elgar
48,Elsevier,Elsevier
49,Erlbaum,Erlbaum
50,Falmer,Falmer
51,Fortress Press,Fortress Press
52,Frank Cass,Frank Cass
53,Free Press,Free Press
54,Freeman,Freeman
55,Gardner Press,Gardner Press
56,Garland Science,Garland Science
57,Georgetown University Press,Georgetown University Press
58,Georgia Institute of Technology,Georgia Institute of Technology
59,Grasset,Grasset
60,Greenwood Press,Greenwood Press
61,Gregg Press,Gregg Press
62,Guilford Press,Guilford Press
63,Hampton Press,Hampton Press
64,Harcourt Brace,Harcourt Brace
65,Harper and Row,Harper and Row
66,Harper Collins,Harper Collins
67,Hart,Hart
68,Harvard University Press,Harvard University Press
69,Heinemann,Heinemann
70,Hogrefe &Huber,Hogrefe &Huber
71,Hogrefe & Huber,Hogrefe &Huber
72,Hogrefe,Hogrefe &Huber
73,"Holt, Rinehart, and Winston","Holt, Rinehart, and Winston"
74,Hoover Institution Press,Hoover Institution Press
75,Houghton Mifflin,Houghton Mifflin
76,Humana Press,Humana Press
77,Idea Group Publishing,Idea Group Publishing
78,IEEE Computer Society,IEEE Computer Society
79,Indiana University Press,Indiana University Press
80,International Universities Press,International Universities Press
81,IOS Press,IOS Press
82,Irwin,Irwin
83,Island Press,Island Press
84,JAI Press,JAI Press
85,James Currey,James Currey
86,John Wiley & Sons,John Wiley & Sons
87,Johns Hopkins University Press,Johns Hopkins University Press
88,Jossey-Bass,Jossey-Bass
89,Karger,Karger
90,Karthala,Karthala
91,Kluwer Academic,Kluwer Academic
92,Knopf,Knopf
93,Kumarian Press,Kumarian Press
94,Lawrence Erlbaum,Lawrence Erlbaum
95,Leicester University Press,Leicester University Press
96,Lexington Books,Lexington Books
97,Lippincott Williams & Wilkins,Lippincott Williams & Wilkins
98,Little Brown and Company,Little Brown and Company
99,Longman,Longman
100,Lynne Rienner Publishers,Lynne Rienner Publishers
101,M.E.Sharpe Inc.,M.E.Sharpe Inc.
102,Macmillan,Macmillan
103,Manchester University Press,Manchester University Press
104,Marcel Dekker,Marcel Dekker
105,Martinus Nijhoff,Martinus Nijhoff
106,McGill-Queens University Press,McGill-Queens University Press
107,McGraw-Hill,McGraw-Hill
108,Methuen,Methuen
109,Mind Garden,Mind Garden
110,MIT Press,MIT Press
111,Muthén & Muthén,Muthén & Muthén
112,National Academy Press,National Academy Press
113,National Institute on Drug Abuse,National Institute on Drug Abuse
114,Naval Institute Press,Naval Institute Press
115,Needham Heights,Needham Heights
116,Nelson-Hall,Nelson-Hall
117,New York Acad. of Sciences,New York Acad. of Sciences
118,New York Academy of Sciences,New York Acad. of Sciences
119,New York University Press,New York University Press
120,Nomos,Nomos
121,North-Holland,North-Holland
122,Norton,Norton
123,Open University Press,Open University Press
124,Orient Longman,Orient Longman
125,Oxford University Press,Oxford University Press
126,Palgrave Macmillan,Palgrave Macmillan
127,Pantheon,Pantheon
128,Paradigm,Paradigm
129,Paragon,Paragon
130,Paul Chapman,Paul Chapman
131,Paul H Brookes,Paul H Brookes
132,Paul Hamlyn Foundation,Paul Hamlyn Foundation
133,Pearson Education,Pearson Education
134,Penguin Press,Penguin Press
135,Pergamon Press,Pergamon Press
136,Permanent Black/Orient Longman,Permanent Black/Orient Longman
137,Permanent Black,Permanent Black/Orient Longman
138,Peter Lang,Peter Lang
139,Pine Forge Press,Pine Forge Press
140,Pion,Pion
141,Plenum Press,Plenum Press
142,Pluto Press,Pluto Press
143,Polity Press,Polity Press
144,Praeger,Praeger
145,Prentice Hall,Prentice Hall
146,Presses Universitaires de France,Presses Universitaires de France
147,Princeton University Press,Princeton University Press
148,Prometheus Books,Prometheus Books
149,Psychology Press,Psychology Press
150,Rand,Rand
151,Random House Inc.,Random House Inc.
152,Riverside Publishing,Riverside Publishing
153,Routledge,Routledge
154,Rowman and Littlefield Publishers,Rowman and Littlefield Publishers
155,Royal Society of Chemistry,Royal Society of Chemistry
156,Russell Sage,Russell Sage
157,Rutgers University Press,Rutgers University Press
158,Sage,Sage
159,Science Publishers,Science Publishers
160,Sense,Sense
161,Simon and Schuster,Simon and Schuster
162,South End Press,South End Press
163,Springer,Springer
164,St. Lucie Press,St. Lucie Press
165,St. Martin Press,St. Martin Press
166,Stanford University Press,Stanford University Press
167,State University of New York Press,State University of New York Press
168,Steiner,Steiner
169,Sweet & Maxwell,Sweet & Maxwell
170,Tavistock,Tavistock
171,Taylor & Francis Group,Taylor & Francis Group
172,The Chinese University Press,The Chinese University Press
173,The Policy Press,The Policy Press
174,Thomson Wadsworth,Thomson Wadsworth
175,Thorbecke,Thorbecke
176,Times Books Press,Times Books Press
177,Transaction,Transaction
178,United Nations University,United Nations University
179,Univ of Arizona Press,Univ of Arizona Press
180,University of California Press,University of California Press
181,University of Chicago Press,University of Chicago Press
182,University of Exeter Press,University of Exeter Press
183,University of Illinois Press,University of Illinois Press
184,University of Massachusetts Press,University of Massachusetts Press
185,University of Michigan Press,University of Michigan Press
186,University of Minnesota Press,University of Minnesota Press
187,University of North Carolina Press,University of North Carolina Press
188,University of Pennsylvania Press,University of Pennsylvania Press
189,University of Rochester Press,University of Rochester Press
190,University of Texas Press,University of Texas Press
191,University of Virginia Press,University of Virginia Press
192,University of Wisconsin Press,University of Wisconsin Press
193,"vdf, Hochsch.-Verl. an der ETH","vdf, Hochsch.-Verl. an der ETH"
194,vdf Hochschulverlag,"vdf, Hochsch.-Verl. an der ETH"
195,vdf Hochschulverlag an der ETH Zürich,"vdf, Hochsch.-Verl. an der ETH"
196,Verso,Verso
197,Viking,Viking
198,Vintage Books,Vintage Books
199,W H Freeman,W H Freeman
200,Wadsworth,Wadsworth
201,Walter de Gruyter,Walter de Gruyter
202,De Gruyter,Walter de Gruyter
203,West Group,West Group
204,Westview Press,Westview Press
205,Wiley-Blackwell,Wiley-Blackwell
206,Wiley,Wiley
207,World Scientific,World Scientific
208,Yale University Press,Yale University Press
209,Zed Books,Zed Books
