list,domain,category,name
2026,ARHITECTURA,A,EDITURA UNIVERSITARĂ ”ION MINCU”
2026,ARHITECTURA,A,Presa Universitară Clujeană
2026,ARHITECTURA,B,Editura ACS
2026,ARHITECTURA,B,Editura Paideia SRL
2026,ARHITECTURA,C,Tact
2026,ARTE_VIZUALE,A,Editura ACS
2026,ARTE_VIZUALE,B,Editura Artes
2026,ARTE_VIZUALE,B,Editura EIKON
2026,ARTE_VIZUALE,B,EDITURA MEGA
2026,ARTE_VIZUALE,B,Editura Școala Ardeleană
2026,ARTE_VIZUALE,B,EDITURA UNARTE
2026,ARTE_VIZUALE,B,Editura Universității de Vest din Timișoara
2026,ARTE_VIZUALE,B,Presa Universitară Clujeană
2026,ARTE_VIZUALE,C,EDITURA UNIVERSITĂȚII DIN BUCUREȘTI - BUCHAREST UNIVERSITY PRESS
2026,ARTE_VIZUALE,C,Editura Universității din Oradea
2026,ARTE_VIZUALE,C,EUROSTAMPA
2026,CINEMATOGRAFIE,A,Presa Universitară Clujeană
2026,CINEMATOGRAFIE,A,UNATC Press
2026,CINEMATOGRAFIE,B,Editura Școala Ardeleană
2026,CINEMATOGRAFIE,B,Editura Universității ”Lucian Blaga” din Sibiu
2026,CINEMATOGRAFIE,B,Erdélyi Múzeum-Egyesület
2026,CINEMATOGRAFIE,B,Tact SRL
2026,CINEMATOGRAFIE,C,Editura EIKON
2026,CINEMATOGRAFIE,C,EDITURA UNIVERSITARĂ
2026,CINEMATOGRAFIE,C,Editura Universității de Vest din Timișoara
2026,FILOLOGIE,A,Editura Academiei Române
2026,FILOLOGIE,A,Editura Egyetemi Műhely
2026,FILOLOGIE,A,Editura Etnologica
2026,FILOLOGIE,A,Editura Institutul European Iași
2026,FILOLOGIE,A,EDITURA POLIROM
2026,FILOLOGIE,A,Editura Univers Enciclopedic Gold
2026,FILOLOGIE,A,Editura Universității ”Lucian Blaga” din Sibiu
2026,FILOLOGIE,A,Editura Universității de Vest din Timișoara
2026,FILOLOGIE,A,EDITURA UNIVERSITĂȚII DIN BUCUREȘTI - BUCHAREST UNIVERSITY PRESS
2026,FILOLOGIE,A,Erdélyi Múzeum-Egyesület
2026,FILOLOGIE,A,Presa Universitară Clujeană
2026,FILOLOGIE,A,PRO UNIVERSITARIA
2026,FILOLOGIE,A,Universitaria
2026,FILOLOGIE,B,„Alma Mater”
2026,FILOLOGIE,B,Casa Cărții de Știință
2026,FILOLOGIE,B,Editura EIKON
2026,FILOLOGIE,B,Editura Mega
2026,FILOLOGIE,B,Editura Muzeul Literaturii Române
2026,FILOLOGIE,B,Editura Scientia
2026,FILOLOGIE,B,Editura Tracus Arte
2026,FILOLOGIE,B,EDITURA UNIVERSITARA
2026,FILOLOGIE,B,"EDITURA UNIVERSITATII ""STEFAN CEL MARE"" DIN SUCEAVA"
2026,FILOLOGIE,B,Editura Universității „Alexandru Ioan Cuza” din Iași
2026,FILOLOGIE,B,Editura Universității Transilvania din Brașov
2026,FILOLOGIE,B,Editura University Press Târgu Mureș
2026,FILOLOGIE,B,OVIDIUS UNIVERSITY PRESS
2026,FILOLOGIE,B,Zeta Books
2026,FILOLOGIE,C,EDITURA RISOPRINT
2026,FILOLOGIE,C,EDITURA AETERNITAS
2026,FILOLOGIE,C,Editura Junimea
2026,FILOLOGIE,C,Editura PARTIUM
2026,FILOLOGIE,C,Editura Școala Ardeleană
2026,FILOLOGIE,C,Editura Universităţii „Aurel Vlaicu” din Arad
2026,FILOLOGIE,C,Editura Universității Petrol-Gaze din Ploiești
2026,FILOLOGIE,C,EUROSTAMPA
2026,FILOLOGIE,C,TACT
2026,FILOSOFIE,A,EDITURA POLIROM
2026,FILOSOFIE,A,Editura Spandugino
2026,FILOSOFIE,A,Editura Universității ”Lucian Blaga” din Sibiu
2026,FILOSOFIE,A,Zeta Books
2026,FILOSOFIE,B,Casa Cărții de Știință
2026,FILOSOFIE,B,Editura Academiei Române
2026,FILOSOFIE,B,Editura Egyetemi Műhely
2026,FILOSOFIE,B,Editura EIKON
2026,FILOSOFIE,B,Editura Galaxia Gutenberg
2026,FILOSOFIE,B,Editura Paideia SRL
2026,FILOSOFIE,B,Editura Universității „Alexandru Ioan Cuza” din Iași
2026,FILOSOFIE,B,Editura Universității de Vest din Timișoara
2026,FILOSOFIE,B,EDITURA UNIVERSITĂȚII DIN BUCUREȘTI - BUCHAREST UNIVERSITY PRESS
2026,FILOSOFIE,B,Ideea Europeană
2026,FILOSOFIE,B,Institutul European
2026,FILOSOFIE,B,Presa Universitara Clujeana
2026,FILOSOFIE,B,PRO UNIVERSITARIA
2026,FILOSOFIE,B,Ratio et Revelatio
2026,FILOSOFIE,B,TACT
2026,FILOSOFIE,C,Editura Școala Ardeleană
2026,ISTORIE,A,"""Kriza János"" Néprajzi Társaság"
2026,ISTORIE,A,Editura ACS
2026,ISTORIE,A,EDITURA CETATEA DE SCAUN
2026,ISTORIE,A,Editura Corint
2026,ISTORIE,A,EDITURA MEGA
2026,ISTORIE,A,EDITURA POLIROM
2026,ISTORIE,A,Editura Universității ”Lucian Blaga” din Sibiu
2026,ISTORIE,A,Editura Universității „Alexandru Ioan Cuza” din Iași
2026,ISTORIE,A,Ideea Europeană
2026,ISTORIE,A,Litera
2026,ISTORIE,A,Presa Universitară Clujeană
2026,ISTORIE,A,TACT
2026,ISTORIE,A,Zeta Books
2026,ISTORIE,B,ASTRA Museum
2026,ISTORIE,B,Casa Cărții de Știință
2026,ISTORIE,B,CENTRUL DE STUDII TRANSILVANE
2026,ISTORIE,B,Cuvântul Vieții
2026,ISTORIE,B,Editura Academiei Române
2026,ISTORIE,B,Editura Egyetemi Műhely
2026,ISTORIE,B,Editura Hasefer
2026,ISTORIE,B,Editura Institutului Național pentru Studiul Totalitarismului
2026,ISTORIE,B,Editura Institutului pentru Studierea Problemelor Minorităților Naționale
2026,ISTORIE,B,Editura Istros a Muzeului Brăilei „Carol I”
2026,ISTORIE,B,Editura Junimea
2026,ISTORIE,B,Editura Muzeului Național Brukenthal
2026,ISTORIE,B,Editura Oscar Print
2026,ISTORIE,B,Editura Scientia
2026,ISTORIE,B,EDITURA UNIVERSITARA
2026,ISTORIE,B,Editura Universității de Vest din Timișoara
2026,ISTORIE,B,EDITURA UNIVERSITĂȚII DIN BUCUREȘTI - BUCHAREST UNIVERSITY PRESS
2026,ISTORIE,B,Editura Universității din Oradea
2026,ISTORIE,B,Erdélyi Múzeum-Egyesület
2026,ISTORIE,B,PRO UNIVERSITARIA
2026,ISTORIE,B,Ratio et Revelatio
2026,ISTORIE,B,S.C. EDITURA NAPOCA STAR SRL
2026,ISTORIE,B,SC EDITURA VREMEA SRL
2026,ISTORIE,C,„Vasile Goldiș” University Press
2026,ISTORIE,C,Editura EIKON
2026,ISTORIE,C,Editura Etnologica
2026,ISTORIE,C,Editura Fundației Culturale Memoria
2026,ISTORIE,C,Editura Galaxia Gutenberg
2026,ISTORIE,C,Editura Muzeului Sătmărean
2026,ISTORIE,C,Editura Muzeului Țării Crișurilor
2026,ISTORIE,C,Editura Școala Ardeleană
2026,ISTORIE,C,EUROSTAMPA
2026,ISTORIE,C,Universitaria
2026,MUZICA,A,Editura MediaMusica
2026,MUZICA,A,Editura Muzicală GRAFOART
2026,MUZICA,A,Editura Universității Naționale de Muzică București
2026,MUZICA,B,EDITURA RISOPRINT
2026,MUZICA,B,Editura Artes
2026,MUZICA,B,Editura EIKON
2026,MUZICA,B,Eurostampa
2026,MUZICA,B,Presa Universitara Clujeana
2026,MUZICA,C,Universitaria
2026,TEATRU,A,Editura Universității ”Lucian Blaga” din Sibiu
2026,TEATRU,A,Presa Universitara Clujeana
2026,TEATRU,A,UArtPress
2026,TEATRU,B,Casa Cărții de Știință
2026,TEATRU,B,Editura Artes
2026,TEATRU,B,Editura Junimea
2026,TEATRU,B,Editura Școala Ardeleană
2026,TEATRU,B,Editura Universității de Vest din Timișoara
2026,TEATRU,B,Erdélyi Múzeum-Egyesület
2026,TEATRU,B,UNATC Press
2026,TEATRU,B,Universitaria
2026,TEATRU,C,Editura EIKON
2026,TEATRU,C,SC EDITURA MUZICALA SRL
2026,TEOLOGIE,A,Editura Doxologia
2026,TEOLOGIE,A,Editura Universității „Alexandru Ioan Cuza” din Iași
2026,TEOLOGIE,A,Presa Universitara Clujeana
2026,TEOLOGIE,B,Crimca
2026,TEOLOGIE,B,Cuvântul Vieții
2026,TEOLOGIE,B,EDITURA RISOPRINT
2026,TEOLOGIE,B,Editura Andreiana
2026,TEOLOGIE,B,Editura Egyetemi Műhely
2026,TEOLOGIE,B,Editura EIKON
2026,TEOLOGIE,B,Editura Paideia SRL
2026,TEOLOGIE,B,Editura Sapientia
2026,TEOLOGIE,B,Editura Sfântul Nectarie
2026,TEOLOGIE,B,EDITURA UNIVERSITARĂ
2026,TEOLOGIE,B,Editura Universităţii „Aurel Vlaicu” din Arad
2026,TEOLOGIE,B,EDITURA UNIVERSITĂȚII DIN BUCUREȘTI - BUCHAREST UNIVERSITY PRESS
2026,TEOLOGIE,B,MITROPOLIA OLTENIEI
2026,TEOLOGIE,B,Reîntregirea
2026,TEOLOGIE,C,Editura Galaxia Gutenberg
2026,TEOLOGIE,C,Editura Spandugino
2020,ARHITECTURA,A,EDITURA UNIVERSITARĂ ”ION MINCU”
2020,ARHITECTURA,A,Presa Universitara Clujeana
2020,ARHITECTURA,B,Editura Paideia
2020,ARHITECTURA,C,EDITURA TACT
2020,ARTE_VIZUALE,B,Editura EIKON
2020,ARTE_VIZUALE,B,EDITURA MEGA
2020,ARTE_VIZUALE,B,Editura Școala Ardeleană
2020,ARTE_VIZUALE,B,Editura UNARTE
2020,ARTE_VIZUALE,B,EDITURA UNIVERSITĂȚII DE VEST DIN TIMIȘOARA
2020,ARTE_VIZUALE,B,Presa Universitara Clujeana
2020,ARTE_VIZUALE,C,Eurostampa
2020,CINEMATOGRAFIE,A,Presa Universitara Clujeana
2020,CINEMATOGRAFIE,B,Editura Școala Ardeleană
2020,CINEMATOGRAFIE,B,EDITURA TACT
2020,CINEMATOGRAFIE,B,Erdélyi Múzeum-Egyesület
2020,CINEMATOGRAFIE,C,Editura EIKON
2020,CINEMATOGRAFIE,C,Editura Tritonic
2020,CINEMATOGRAFIE,C,EDITURA UNIVERSITARA SRL
2020,CINEMATOGRAFIE,C,EDITURA UNIVERSITĂȚII DE VEST DIN TIMIȘOARA
2020,FILOLOGIE,A,Editura Egyetemi Műhely
2020,FILOLOGIE,A,EDITURA UNIVERSITĂȚII DE VEST DIN TIMIȘOARA
2020,FILOLOGIE,A,Editura Universității din București - Bucharest University Press
2020,FILOLOGIE,A,Erdélyi Múzeum-Egyesület
2020,FILOLOGIE,A,INSTITUTUL EUROPEAN DE COOPERARE INTERNAŢIONALĂ CULTURAL ŞTIINŢIFICĂ IAŞI
2020,FILOLOGIE,A,Presa Universitara Clujeana
2020,FILOLOGIE,A,Pro Universitaria
2020,FILOLOGIE,A,S.C. EDITURA POLIROM S.A.
2020,FILOLOGIE,B,Casa Cărții de Știință
2020,FILOLOGIE,B,Editura Alma Mater
2020,FILOLOGIE,B,EDITURA ARS DOCENDI
2020,FILOLOGIE,B,Editura EIKON
2020,FILOLOGIE,B,Editura Scientia
2020,FILOLOGIE,B,"EDITURA UNIVERSITATII ""STEFAN CEL MARE"" DIN SUCEAVA"
2020,FILOLOGIE,B,Editura Universității „Alexandru Ioan Cuza”
2020,FILOLOGIE,B,Editura Universității „Lucian Blaga” din Sibiu
2020,FILOLOGIE,B,Editura Universității Transilvania din Brașov
2020,FILOLOGIE,B,GRUPUL EDITORIAL ART SRL
2020,FILOLOGIE,B,Humanitas S.A.
2020,FILOLOGIE,B,OVIDIUS UNIVERSITY PRESS
2020,FILOLOGIE,B,Zeta Books SRL
2020,FILOLOGIE,C,DAVID PRESS PRINT SRL
2020,FILOLOGIE,C,Editura AETERNITAS
2020,FILOLOGIE,C,EDITURA ETNOLOGICĂ
2020,FILOLOGIE,C,Editura Lumen
2020,FILOLOGIE,C,EDITURA MEGA
2020,FILOLOGIE,C,EDITURA NICULESCU SRL
2020,FILOLOGIE,C,Editura Partium
2020,FILOLOGIE,C,Editura Risoprint
2020,FILOLOGIE,C,Editura Școala Ardeleană
2020,FILOLOGIE,C,EDITURA UNIVERSITARA SRL
2020,FILOLOGIE,C,"Editura Universităţii ""Aurel Vlaicu"" din Arad"
2020,FILOLOGIE,C,Editura Universității din Oradea
2020,FILOLOGIE,C,Editura Universității Petrol-Gaze din Ploiești
2020,FILOLOGIE,C,Editura University Press
2020,FILOLOGIE,C,Eurostampa
2020,FILOLOGIE,C,Universitaria
2020,FILOSOFIE,A,S.C. EDITURA POLIROM S.A.
2020,FILOSOFIE,A,Zeta Books SRL
2020,FILOSOFIE,B,Casa Cărții de Știință
2020,FILOSOFIE,B,Editura Egyetemi Műhely
2020,FILOSOFIE,B,Editura EIKON
2020,FILOSOFIE,B,Editura Humanitas
2020,FILOSOFIE,B,Editura Paideia
2020,FILOSOFIE,B,EDITURA RATIO ET REVELATIO
2020,FILOSOFIE,B,EDITURA TACT
2020,FILOSOFIE,B,Editura Universității „Alexandru Ioan Cuza”
2020,FILOSOFIE,B,EDITURA UNIVERSITĂȚII DE VEST DIN TIMIȘOARA
2020,FILOSOFIE,B,Editura Universității din București - Bucharest University Press
2020,FILOSOFIE,B,Presa Universitara Clujeana
2020,FILOSOFIE,B,Pro Universitaria
2020,FILOSOFIE,C,EDITURA ARS DOCENDI
2020,FILOSOFIE,C,Editura Lumen
2020,FILOSOFIE,C,Editura Partium
2020,FILOSOFIE,C,Editura Școala Ardeleană
2020,FILOSOFIE,C,INSTITUTUL EUROPEAN DE COOPERARE INTERNAŢIONALĂ CULTURAL ŞTIINŢIFICĂ IAŞI
2020,FILOSOFIE,C,S.C. EDITURA LIMES S.R.L.
2020,ISTORIE,A,"""Kriza János"" Néprajzi Társaság"
2020,ISTORIE,A,EDITURA CORINT
2020,ISTORIE,A,EDITURA MEGA
2020,ISTORIE,A,Editura Universității „Alexandru Ioan Cuza”
2020,ISTORIE,A,Humanitas S.A.
2020,ISTORIE,A,Presa Universitara Clujeana
2020,ISTORIE,A,S.C. EDITURA POLIROM S.A.
2020,ISTORIE,A,Zeta Books SRL
2020,ISTORIE,B,Centrul de Studii Transilvane
2020,ISTORIE,B,Editura ASTRA Museum
2020,ISTORIE,B,Editura Cetatea de Scaun
2020,ISTORIE,B,Editura Cuvântul Vieții
2020,ISTORIE,B,Editura Egyetemi Műhely
2020,ISTORIE,B,Editura Institutului pentru Studierea Problemelor Minorităţilor Naţionale
2020,ISTORIE,B,EDITURA ISTROS A MUZEULUI BRAILEI „CAROL I”
2020,ISTORIE,B,Editura Lumen
2020,ISTORIE,B,Editura Militară
2020,ISTORIE,B,Editura Muzeului National Brukenthal
2020,ISTORIE,B,EDITURA NAPOCA STAR
2020,ISTORIE,B,EDITURA RATIO ET REVELATIO
2020,ISTORIE,B,EDITURA TACT
2020,ISTORIE,B,Editura Universității din București - Bucharest University Press
2020,ISTORIE,B,Editura Vremea SRL
2020,ISTORIE,B,Erdélyi Múzeum-Egyesület
2020,ISTORIE,B,GRUPUL EDITORIAL ART SRL
2020,ISTORIE,B,INSTITUTUL NAȚIONAL PENTRU STUDIUL TOTALITARISMULUI
2020,ISTORIE,C,”Vasile Goldiș” University Press Arad
2020,ISTORIE,C,Casa Cărții de Știință
2020,ISTORIE,C,DAVID PRESS PRINT SRL
2020,ISTORIE,C,Editura Argonaut
2020,ISTORIE,C,Editura Arhiepiscopiei Romano-Catolice de București
2020,ISTORIE,C,Editura Armanis
2020,ISTORIE,C,EDITURA ARS DOCENDI
2020,ISTORIE,C,Editura EIKON
2020,ISTORIE,C,EDITURA ETNOLOGICĂ
2020,ISTORIE,C,Editura Galaxia Gutenberg
2020,ISTORIE,C,Editura Muzeului de Istorie Galați
2020,ISTORIE,C,EDITURA MUZEULUI ŢĂRII CRIŞURILOR
2020,ISTORIE,C,Editura Școala Ardeleană
2020,ISTORIE,C,EDITURA UNIVERSITARA SRL
2020,ISTORIE,C,EDITURA UNIVERSITĂȚII DE VEST DIN TIMIȘOARA
2020,ISTORIE,C,Editura University Press
2020,ISTORIE,C,Eurostampa
2020,ISTORIE,C,INSTITUTUL EUROPEAN DE COOPERARE INTERNAŢIONALĂ CULTURAL ŞTIINŢIFICĂ IAŞI
2020,ISTORIE,C,Pro Universitaria
2020,ISTORIE,C,S.C. EDITURA LIMES S.R.L.
2020,ISTORIE,C,Universitaria
2020,MUZICA,A,Editura MediaMusica
2020,MUZICA,A,Editura Universității Naționale de Muzică București
2020,MUZICA,B,Editura EIKON
2020,MUZICA,B,EDITURA EUROSTAMPA
2020,MUZICA,B,Editura Risoprint
2020,MUZICA,B,SC EDITURA MUZICALA SRL
2020,MUZICA,C,Presa Universitara Clujeana
2020,MUZICA,C,Universitaria
2020,TEATRU,B,Casa Cărții de Știință
2020,TEATRU,B,Editura Școala Ardeleană
2020,TEATRU,B,Editura Universității „Lucian Blaga” din Sibiu
2020,TEATRU,B,Presa Universitara Clujeana
2020,TEATRU,B,Universitaria
2020,TEATRU,C,Editura EIKON
2020,TEATRU,C,SC EDITURA MUZICALA SRL
2020,TEOLOGIE,A,Editura Arhiepiscopiei Romano-Catolice de Bucuresti
2020,TEOLOGIE,A,Editura Doxologia a Mitropoliei Moldovei și Bucovinei
2020,TEOLOGIE,B,Andreiana
2020,TEOLOGIE,B,Editura Cuvântul Vieții
2020,TEOLOGIE,B,Editura Egyetemi Műhely
2020,TEOLOGIE,B,Editura EIKON
2020,TEOLOGIE,B,Editura Paideia
2020,TEOLOGIE,B,Editura Reîntregirea
2020,TEOLOGIE,B,Editura Renaşterea
2020,TEOLOGIE,B,Editura Risoprint
2020,TEOLOGIE,B,EDITURA UNIVERSITARA SRL
2020,TEOLOGIE,B,"Editura Universităţii ""Aurel Vlaicu"" din Arad"
2020,TEOLOGIE,B,Editura Universității din București - Bucharest University Press
2020,TEOLOGIE,B,MITROPOLIA OLTENIEI
2020,TEOLOGIE,B,Presa Universitara Clujeana
2020,TEOLOGIE,B,Sapientia
2020,TEOLOGIE,C,S.C. EDITURA LIMES S.R.L.
2013,ARTELE_SPECTACOLULUI,B,"EDITURA ""ARTES"""
2013,ARTELE_SPECTACOLULUI,B,"EDITURA ""ASTRA MUSEUM"""
2013,ARTELE_SPECTACOLULUI,B,EDITURA ACADEMIEI ROMANE
2013,ARTELE_SPECTACOLULUI,B,EDITURA DIDACTICA SI PEDAGOGICA R.A.
2013,ARTELE_SPECTACOLULUI,B,EDITURA MUZICALA
2013,ARTELE_SPECTACOLULUI,B,EDITURA POLIROM
2013,ARTELE_SPECTACOLULUI,B,EDITURA RISOPRINT
2013,ARTELE_SPECTACOLULUI,B,EDITURA UNIVERSITARA
2013,ARTELE_SPECTACOLULUI,B,EDITURA UNIVERSITARIA
2013,ARTELE_SPECTACOLULUI,B,EDITURA UNIVERSITATII NATIONALE DE MUZICA DIN BUCURESTI
2013,ARTELE_SPECTACOLULUI,B,EIKON
2013,ARTELE_SPECTACOLULUI,B,MEDIAMUSICA
2013,ARTELE_SPECTACOLULUI,B,PRESA UNIVERSITARA CLUJEANA
2013,ARTELE_SPECTACOLULUI,C,CASA CARTII DE STIINTA
2013,ARTELE_SPECTACOLULUI,C,EDITURA FUNDATIEI ROMANIA DE MAINE
2013,ARTELE_SPECTACOLULUI,C,EDITURA UNIVERSITATII DE VEST
2013,ARTELE_SPECTACOLULUI,C,EDITURA UNIVERSITATII DIN ORADEA
2013,ARTELE_SPECTACOLULUI,C,EDITURA UNIVERSITATII TRANSILVANIA DIN BRASOV
2013,ARTELE_SPECTACOLULUI,C,ERDÉLYI MÚZEUM-EGYESÜLET / SOCIETATEA MUZEULUI ARDELEAN
2013,ARTELE_SPECTACOLULUI,C,GALATI UNIVERSITY PRESS
2013,ARTELE_SPECTACOLULUI,C,INSTITUTUL EUROPEAN
2013,ARTELE_SPECTACOLULUI,C,PAIDEIA
2013,ARTELE_SPECTACOLULUI,C,UNATC PRESS
