nr,name,url
1,Aarhus University Press,http://www.unipress.dk
2,Academia Verlag,http://www.academia-verlag.de
3,Actes Sud,http://www.actes-sud.fr
4,Acumen,http://www.acumenpublishing.co.uk
5,Akadémiai Kiadó,http://www.akkrt.hu
6,Akademie věd České republiky,http://www.cas.cz
7,Akademie Verlag,http://www.oldenbourg-verlag.de/akademie-verlag
8,Albin Michel,http://www.albin-michel.fr
9,Aletheia – Алетейя,http://www.aletheia.spb.ru
10,Alfred Kröner Verlag,http://www.kroener-verlag.de
11,Al-Furqan Foundation,http://www.al-furqan.com
12,Alianza Editorial,http://www.alianzaeditorial.es
13,Alphil - Presses Universitaires Suisses,http://www.alphil.ch
14,Amsterdam University Press,http://www.aup.nl
15,Anthem Press,http://www.anthempress.com
16,Antipodes,http://www.antipodes.ch
17,Aracne Editrice,http://store.aracneeditrice.com
18,Archaeopress-Oxford,http://www.archaeopress.com
19,Argus Edition,http://www.editionargus.de
20,Armand Colin,http://www.armand-colin.com
21,Artois Presses Université,http://www.apu.univ-artois.fr
22,Aschendorff Verlag,http://www.aschendorff-buchverlag.de
23,Ashgate,http://www.ashgatepublishing.com
24,Ateneo de Manila University Press,http://www.ateneopress.org
25,Attempto Verlag,http://www.attempto-verlag.de
26,Axl Books,http://www.axlbooks.com
27,Bärenreiter Verlag,https://www.baerenreiter.com
28,Beacon Press,http://www.beacon.org
29,Beauchesne,http://www.editions-beauchesne.com
30,Belin,http://www.editions-belin.com
31,Bellaterra Press,http://www.ed-bellaterra.com
32,Berg Publishers,http://www.bergpublishers.com
33,Berghahn Books,http://www.berghahnbooks.com
34,Berlin-Brandenburgische Akademie der Wissenschaften,http://www.bbaw.de
35,Bibliographisches Institut & F. A. Brockhaus,http://www.bi-media.de
36,Böhlau Verlag,http://www.boehlau-verlag.com
37,Bompiani editore,http://www.bompiani.rcslibri.corriere.it
38,Brepols Publishers,http://www.brepols.net
39,Brill Publishers,http://www.brill.nl
40,C. Bertelsmann Verlag,http://www.randomhouse.de/cbertelsmann/index.jsp
41,C. H. Beck,http://www.chbeck.de
42,Calmann Lévy,http://www.editions-calmann-levy.com
43,Cambridge University Press,http://www.cambridge.org/uk
44,Campus-Verlag,http://www.campus.de
45,Carl Hanser Verlag,http://www.hanser.de
46,Carnegie Mellon University Press,http://www.cmu.edu/universitypress
47,Carocci Editore,http://www.carocci.it
48,Casa de Velazquez Madrid,http://www.casadevelazquez.org
49,Casa Editrice Giuseppe Laterza & figli,http://www.laterza.it
50,Casa Editrice L’Erma di Bretschneider,http://www.lerma.it
51,Casa Ricordi,http://www.ricordi.it
52,Catholic University of America Press,http://www.cuapress.cua.edu
53,Central European University Press,http://www.ceupress.com
54,Cercle herméneutique Éditeur,http://cerclehermeneutique.monsite-orange.fr
55,Christian Marinotti Edizione,http://www.marinotti.com
56,Classiques Garnier,http://www.classiques-garnier.com
57,CNRS Editions,http://www.cnrseditions.fr
58,Columbia University Press,http://www.cup.columbia.edu
59,Continuum Press,http://www.continuumbooks.com
60,Cornell University Press,http://www.cornellpress.cornell.edu
61,DenkMal Verlag,http://www.denkmal-verlag.de
62,Diaphanes Verlag,http://www.diaphanes.de
63,Dieterich’sche Verlagsbuchhandlung,http://www.dvb-mainz.de
64,Dr. Dieter Winkler,http://www.winklerverlag.com
65,Duke University Press,http://www.dukeupress.edu
66,DuMont Buchverlag,http://www.dumont-buchverlag.de
67,Duncker und Humblot,http://www.duncker-humblot.de
68,Duquesne University Press,http://www.dupress.duq.edu
69,"Dykinson, Madrid",http://www.dykinson.com
70,Earthscan,http://www.earthscan.co.uk
71,Echter Verlag,http://www.echter.de
72,Edinburgh University Press,http://www.euppublishing.com
73,EdiPuglia-Bari,http://www.edipuglia.it
74,Edisud,http://www.edisud.com
75,Editions Autrement,http://www.autrement.com
76,Editions Classiques Garnier,http://www.classiques-garnier.com/editions/
77,Editions d’Amsterdam,http://www.editionsamsterdam.fr
78,Editions de la MSH,Maisondessciencesdel’homme
79,Editions de la Transparence,http://www.latransparence-esthetique.com
80,Editions de l'Ecole Francaise de Rome,http://www.publications.ecole-francaise.it
81,Editions du Cherche-midi,http://www.cherche-midi.com
82,Éditions du Félin,http://www.editionsdufelin.com
83,Éditions du Septentrion,http://www.septentrion.qc.ca
84,Éditions Hermann,http://www.editions-hermann.fr
85,Editions J. Vrin,http://www.vrin.fr
86,Editions Jérôme Millon,http://www.millon.com
87,Editions Monique Mergoil,http://www.editions-monique-mergoil.com
88,Editions Picard,http://www.editions-picard.com
89,Editions Safran,http://www.safran.be
90,Editions Slatkine,http://www.slatkine.com
91,Editorial Biblos,http://www.editorialbiblos.com.ar
92,Editorial Complutense,http://www.ucm.es/BUCM/ecsa
93,Editorial Gredos,http://www.editorialgredos.com
94,Edizioni ETS – Pisa,http://www.edizioniets.com
95,Ellago Ediciones,http://www.ellagoediciones.com
96,Elsevier,http://www.elsevierdirect.com
97,Encuentro,http://www.ediciones-encuentro.es
98,Ergon Verlag,http://www.ergon-verlag.de
99,Faber & Faber,http://www.faberundfaber.de
100,Fayard,http://www.editions-fayard.fr
101,Felix Meiner Verlag,http://www.meiner.de
102,Fischer,http://www.hochschule.fischerverlage.de
103,Franco Angeli Edizioni,http://www.francoangeli.it
104,Franz Steiner Verlag,www.steiner-verlag.de
105,Friedrich Pustet Verlag,http://www.verlag-pustet.de
106,Frommann Holzboog Verlag,http://www.frommann-holzboog.de
107,Georg Olms Verlag,http://www.olms.de
108,Georgetown University Press,http://www.press.georgetown.edu
109,Giangiacomo Feltrinelli Editore,http://www.feltrinellieditore.it
110,Giulio Einaudi Editore,http://www.einaudi.it
111,Glänta,http://www.glanta.org
112,Gorgias Press,http://www.gorgiaspress.com
113,Grasset,http://www.edition-grasset.fr
114,Gütersloher Verlagshaus,http://www.guetersloher-verlagshaus.de
115,Hachette,http://www.hachette.com
116,Harrassowitz Verlag,http://www.harrassowitz-verlag.de
117,Hartung Gorre Verlag,http://www.hartung-gorre.de
118,Harvard University Press,http://www.hup.harvard.edu
119,Hazan,http://www.editions-hazan.fr
120,Herder Editorial,http://www.herdereditorial.com
121,Herder Verlag,http://www.herder.de
122,Hodder Arnold Press,http://www.arnoldpublishers.com
123,Honoré Champion,http://www.honorechampion.com
124,Howard University Press,http://www.hupress.howard.edu
125,Hueber Verlag,http://www.hueber.de
126,I. B. Tauris,http://www.ibtauris.com
127,Idéias & Letras,http://www.ideiaseletras.com.br
128,IKGS Verlag,http://www.ikgs.de/verlag
129,Il Melangolo,http://www.ilmelangolo.com
130,Il Mulino,http://www.mulino.it
131,Il Saggiatore,http://www.saggiatore.it
132,Imperial College Press,http://www.icpress.co.uk
133,Imprimerie catholique,Beirut
134,Indiana University Press,http://www.iupress.indiana.edu
135,INDRIK,http://www.indrik.ru
136,Insel Verlag,http://www.suhrkamp.de
137,Institute for Greek and Roman Antiquity,http://www.eie.gr/nhrf/institutes/igra/index-en.html
138,Island Press,http://www.islandpress.com
139,J. B. Metzler’sche Verlagsbuchhandlung,http://www.metzlerverlag.de
140,Jaca Book,http://www.jacabook.it
141,Johannes Herrmann Verlag,www.johannes-herrmann-verlag.de
142,John Benjamins Publishing Company,http://www.benjamins.com
143,John Hopkins University Press,http://www.press.jhu.edu
144,Jones and Bartlett Publishers,http://www.jblearning.com
145,Junius Verlag,http://www.junius-verlag.de
146,Karl Alber Verlag,http://www.alber.freinet.de
147,Kimé,http://www.editionskime.fr
148,Klett-Cotta Verlag,J.G.Cotta’scheBuchhandlung
149,Klincksieck,http://www.klincksieck.com
150,Königshausen & Neumann,http://www.verlag-koenigshausen-neumann.de
151,Kösel-Verlag,http://www.religioesebuecher.de
152,Konrad Theiss Verlag,http://www.theiss.de
153,L’Âge d’homme,http://www.lagedhomme.com
154,L’Erma di Bretschneider,http://www.lerma.it
155,L’Harmattan,http://http://www.harmattan.fr
156,L’Herne,http://www.editionsdelherne.com
157,La découverte,http://www.editionsladecouverte.fr
158,La Fabrique editions,http://www.lafabrique.fr
159,Laaber Verlag,http://www.laaber-verlag.wslv.de
160,Labor & Fides,http://www.laboretfides.com
161,Lambert Academic Publishing,http://www.lap-publishing.com
162,L’Ancora del Mediterraneo,http://www.libreriauniversitaria.it
163,Langenscheidt,http://www.langenscheidt.de
164,Larousse / Latès,http://www.larousse.fr
165,Laterza Editori,http://www.laterza.it
166,Leiden University Press,http://www.lup.nl
167,Leipziger Universitätsverlag,http://www.univerlag-leipzig.de
168,Leo S. Olschki Editore,http://www.olschki.it
169,Les Belles Lettres,http://www.lesbelleslettres.com
170,Les Editions de L’EHESS,http://www.editions.ehess.fr
171,Les Éditions de Minuit,http://www.leseditionsdeminuit.com
172,Les Éditions du Cerf,http://www.editionsducerf.fr
173,Les Éditions Ellipses,http://www.editions-ellipses.fr
174,Les Éditions Gallimard,http://www.gallimard.fr
175,Les Éditions Nota Bene,http://www.editionsnotabene.ca
176,Les Éditions Sils Maria,http://www.silsmaria.org
177,Les Presses de l’Université d’Ottawa,http://www.presses.uottawa.ca
178,Lexington Books,http://www.lexingtonbooks.com
179,Librairie Orientaliste Paul Geuthner,http://www.geuthner.com
180,Libreria Editrice Vaticana,http://www.libreriaeditricevaticana.com
181,LIT Verlag,http://www.lit-verlag.de
182,Liverpool University Press,http://www.liverpool-unipress.co.uk
183,Longanesi,http://www.longanesi.it
184,Luchterhand Fachverlag,http://www.luchterhand-hr.de
185,Maison de l’Orient et de la Méditeranée,http://www.mom.fr/Services-des-publications
186,Maisonneuve & Larose,http://www.bibliomonde.com
187,Mardaga,http://www.mardaga.be
188,Marix Verlag,http://www.marixverlag.de
189,Marsilio Editori,http://www.marsilioeditori.it
190,Matthes & Seitz Berlin,http://www.matthes-seitz-berlin.de
191,Max Niemeyer Verlag,http://www.degruyter.de
192,Melbourne University Publishing,http://www.mup.com.au
193,Mellen Press,http://www.mellenpress.com
194,Mercer University Press,http://www.mupress.org
195,Metis Presses,http://www.metispresses.ch
196,Michalon,http://www.michalon.fr
197,Michigan State University Press,http://www.msupress.msu.edu
198,Mimesis Edizioni,http://www.mimesisedizioni.it
199,MIT Press,http://www.mitpress.mit.edu
200,Mohr Siebeck Verlag,http://www.mohr.de
201,Mondadori Edizioni,http://www.librimondadori.it
202,Multilingual Matters,http://www.multilingual-matters.com
203,Museum Tusculanum Press,http://www.mtp.hum.ku.dk
204,Nauka – Издательство “Наука”,http://www.naukaran.ru
205,Naukova Dumka – Видавництво “Наукова думка”,http://www.ndumka.kiev.ua
206,New York University Press,http://www.nyupress.org
207,Nicolaus Copernicus University Press,http://www.umk.pl/en/libraries
208,"Noesis Press, Ltd.",http://www.noesispress.com
209,Northern Illinois University Press,http://www.niupress.niu.edu
210,Notre Dame University Press,http://www.undpress.nd.edu
211,Novoe literaturnoe obozrenie – Новое литературное обозрение,http://www.nlobooks.ru
212,Odile Jacob,http://www.odilejacob.fr
213,Ohio University Press / Swallow Press,http://www.ohioswallow.com
214,Ontos Verlag für Philosophie,http://www.ontos-verlag.de
215,Ousia,http://www.eurorgan.be
216,Oxford University Press,http://www.ukcatalogue.oup.com
217,Paidós,http://www.planetadelibros.com
218,Palgrave Macmillan,http://www.palgrave.com
219,Parodos Verlag,http://www.parodos.de
220,Patmos Verlagsgruppe,http://www.patmos.de
221,Payot-Rivage,http://www.payot-rivages.net
222,Peer Music,http://www.peermusic-classical.de
223,Peeters Publishers,http://www.peeters-leuven.be
224,Pendragon,http://www.pendragonpress.com
225,Peter Lang Publishing Group,http://www.peterlang.com
226,Pfau Verlag,http://www.pfau-verlag.de
227,Pickering and Chatto Publishers,http://www.pickeringchatto.com
228,Piper Verlag,http://www.piper-verlag.de
229,Plon,http://www.plon.fr
230,Polish Scientific Publishers PWN/ Wydawnictwo Naukowe PWN,http://www.en.pwn.pl
231,PONS-Verlag,http://www.pons.de
232,Presse Universitaires de Franche-Comté,http://www.pufc.univ-fcomte.fr
233,Presses de l’Université du Québec,http://www.puq.ca
234,Presses de l’Université Laval,http://www.pulaval.com
235,Presses Sorbonne Nouvelle,http://www.psn.univ-paris3.fr
236,Presses Universitaire de Louvain,http://www.pul.uclouvain.be
237,Presses Universitaires de Bordeaux,http://www.pub.u-bordeaux3.fr
238,Presses Universitaires de France,http://www.puf.com
239,Presses Universitaires de la Sorbonne,http://www.pups.paris-sorbonne.fr
240,Presses Universitaires de Rennes,http://www.pur-editions.fr
241,Pre-textos,http://www.pre-textos.com
242,Primus Verlag,http://www.primusverlag.de
243,Princeton University Press,http://www.press.princeton.edu
244,Publications de l’Université de Provence,http://www.gsite.univ-provence.fr
245,Publications de l’Université de Saint-Étienne,http://www.publications.univ-st-etienne.fr
246,R. Brockhaus Verlag,http://www.scm-brockhaus.de
247,R. Oldenbourg Verlag,http://www.oldenbourg.de
248,Reclam-Verlag,http://www.reclam.de
249,Regent’s Park College,http://www.rpc.ox.ac.uk
250,Religious Studies Center,http://www.rsc.byu.edu
251,Robert Laffont,http://www.laffont.fr
252,Rockefeller University Press,http://www.rupress.org
253,Rodopi,http://www.rodopi.nl
254,RAN - Российская академия наук,http://www.ras.ru
255,ROSSPEN – РОССПЭН,http://www.rosspen.su
256,"Routledge, Taylor & Francis Group",http://www.routledge.com
257,Rowman & Littlefield Publishers,http://www.rowmanlittlefield.com
258,Rowohlt Verlag,http://www.rowohlt.de
259,Rutgers University Press,http://rutgerspress.rutgers.edu
260,Sage,http://www.sagepub.com
261,Scarecrow Press,http://www.scarecrowpress.com
262,SCM - Canterbury Press,http://www.scm-canterburypress.co.uk
263,Seuil,http://www.seuil.com
264,Sígueme,http://www.sigueme.es
265,Sinauer Associates,http://www.sinauer.com
266,Síntesis,http://www.sintesis.com
267,Siruela Editorial,http://www.siruela.com
268,Southern Illinois University Press,http://www.siupress.com
269,Spirali,http://www.spirali.com
270,Springer,http://www.springer.com
271,St. Jerome Publishing,https://www.stjerome.co.uk
272,Stanford University Press,http://www.sup.org
273,State University of New York Press,SUNYPress
274,Studien Verlag,http://www.studienverlag.at
275,Suhrkamp,http://www.suhrkamp.de
276,Syracuse University Press,http://www.syracuseuniversitypress.syr.edu
277,Taschen Verlag,http://www.taschen.com
278,The Isis Press Istanbul,http://www.theisispress.org
279,Thelem,http://www.thelem.de
280,Thorbeke Verlag,http://www.thorbecke.de
281,Trafford Publishing,http://www.trafford.com
282,Transcript Verlag,http://www.transcript-verlag.de
283,Trotta Editorial,http://www.trotta.es
284,Uni-Taschenbücher,http://www.utb.de
285,Universal Edition,http://www.universaledition.com
286,Universidad Nacional Mayor de San Marcos Fondo Editorial,http://biblioteca.unmsm.edu
287,Universitätsverlag Göttingen,http://www.univerlag.uni-goettingen.de
288,Universitätsverlag Konstanz – UVK,http://www.uvk.de
289,Universitätsverlag Winter Heidelberg,https://www.innovativmedia.de/winter/index.php
290,"Université Saint-Joseph, Collection Sources/Cibles",http://www.etib.usj.edu.lb
291,University of California Press,http://www.ucpress.edu
292,University of Chicago Press,http://www.press.uchicago.edu
293,University of Exeter Press,http://www.exeterpress.co.uk
294,University of Georgia Press,http://www.ugapress.org
295,University of Illinois Press,http://www.press.uillinois.edu
296,University of Iowa Press,http://www.uiowapress.org
297,University of Massachusetts Press,http://www.umass.edu
298,University of Minnesota Press,http://www.upress.umn.edu
299,University of Missouri Press,http://press.umsystem.edu
300,University of New Mexico Press,http://www.unmpress.com
301,University of North Carolina Press,http://uncpress.unc.edu
302,University of Oklahoma Press,http://www.oupress.com
303,University of Pennsylvania Press,http://www.upenn.edu/pennpress
304,University of Pittsburgh Press,http://www.upress.pitt.edu/upressIndex.aspx
305,University of South Carolina Press,http://www.sc.edu/uscpress
306,University of Tennessee Press,http://www.utpress.org
307,University of Texas Press,http://www.utexas.edu/utpress
308,University of Tokyo Press,http://www.cup.columbia.edu/distributedpress/4
309,University of Utah Press,http://www.uofupress.com
310,University of Virginia Press,http://www.upress.virginia.edu
311,University of Wales Press,http://www.uwp.co.uk
312,University of Washington Press,http://www.washington.edu/uwpress
313,University of Wisconsin Press,http://uwpress.wisc.edu
314,University Press of America,http://www.univpress.com
315,University Press of Colorado,http://www.upcolorado.com
316,University Press of Florida,http://www.upf.com
317,University Press of Mississippi,http://www.upress.state.ms.us
318,University Press of Southern Denmark – Syddansk Universitetsforlag,http://www.universitypress.dk
319,UVK,http://www.uvk.de
320,UWA Publishing,http://www.uwap.uwa.edu.au
321,Van Dieren Éditeur,http://www.vandieren.com
322,Vandenhoeck & Ruprecht,http://www.v-r.de
323,Vanderbilt University Press,http://www.vanderbiltuniversitypress.com
324,Velbrück Wissenschaft,http://www.velbrueck-wissenschaft.de
325,Verdier editions,http://www.editions-verdier.fr
326,Verlag der Österreichischen Akademie der Wissenschaften,ÖAW
327,Verlag Dr. Kovač,http://www.verlagdrkovac.de
328,Verlag J. H. Dietz,http://www.dietz-verlag.de
329,"Verlag Marie Leidorf GmbH, Rahden/ Westf",http://www.vml.de/e
330,Verlag Philipp von Zabern,http://www.zabern.de
331,Verlag Traugott Bautz,http://www.bautz.de
332,Verlag Turia + Kant,http://www.turia.at
333,Verlag Vittorio Klostermann,http://www.klostermann.de
334,Verso Books,http://www.versobooks.com
335,Victoria University Press,http://www.victoria.ac.nz
336,W. Kohlhammer Verlag,http://www.kohlhammer.de
337,Wallstein-Verlag,http://www.wallstein-verlag.de
338,Walter de Gruyter & Co.,http://www.degruyter.com
339,Washington State University Press,http://www.wsupress.wsu.edu
340,Wayne State University Press,http://www.wsupress.wayne.edu
341,Welsh Academic Press,http://www.welsh-academic-press.com
342,Wesleyan University Press,http://www.wesleyan.edu/wespress
343,West Virginia University Press,http://www.wvupressonline.com
344,Wiley-Blackwell,http://www.eu.wiley.com
345,Wilhelm Fink Verlag,http://www.fink.de
346,Wipf and Stock Publishers,http://www.wipfandstock.com
347,Wissenschaftliche Buchgesellschaft,http://www.wbg-wissenverbindet.de
348,Yale University Press,http://www.yalepress.yale.edu
349,Zikkurat Edizioni,http://www.zikkuratedizioni.it
