nr,name
1,A A BALKEMA PUBLISHERS
2,"A K PETERS, LTD"
3,A R G GANTNER VERLAG K G
4,ABMS-ASSOC BRASILEIRA MECANICA SOLOS ENGENHARIA GEOTECNICA
5,ACAD CONFERENCES LTD
6,ACAD BUSINESS DABROWA GORNICZA
7,ACAD PRESS SAULE
8,ACADEMIA PRESS
9,ACADEMIA SCIENTIARUM FENNICA
10,ACADEMIC PRESS
11,ACADEMIC PRESS LTD-ELSEVIER SCIENCE LTD
12,ACCENT
13,ADDISON-WESLEY PUBL CO
14,ADJURIS-SOC OF JURIDICAL & ADMINISTRATIVE SCI
15,AFRICAN MINDS
16,AFTERALL BOOKS
17,AGH-UNIV SCI & TECHNOL
18,"AICA-ARMENIA, INST CONTEMPORARY ART"
19,AKAD VERLAG / DE GRUYTER
20,AKADEMISCHE VERLAGSGESELLSCH AKA GMBH
21,ALDINE-TRANSACTION PUBLISHERS
22,ALLEN LANE
23,ALLIED PUBLISHERS LTD
24,AMBIT MEDIA AS
25,AMBRA VERLAG
26,AMER ANTHROPOLOGICAL ASSOC
27,AMER ASSOC CEREAL CHEMISTS INC
28,AMER ASSOC PHARMACEUTICAL SCIENTISTS
29,AMER ASTRONAUTICAL SOC
30,AMER CERAMIC SOC
31,AMER CHEMICAL SOC
32,AMER DENTAL ASSOC
33,AMER EDUCATIONAL RESEARCH ASSOC
34,AMER FISHERIES SOC
35,AMER GEOPHYSICAL UNION
36,AMER INST AERONAUTICS & ASTRONAUTICS
37,AMER INST CHEMICAL ENGINEERS
38,AMER INST PHYSICS
39,AMER MATHEMATICAL SOC
40,AMER METEOROLOGICAL SOCIETY
41,AMER ORNITHOLOGISTS UNION
42,AMER PHILOSOPHICAL SOC
43,"AMER PSYCHIATRIC PRESS, INC"
44,"AMER PSYCHIATRIC PUBLISHING, INC"
45,AMER SOC AGRONOMY
46,AMER SOC CIVIL ENGINEERS
47,"AMER SOC HEATING, REFRIGERATING AND AIR-CONDITIONING ENGS"
48,AMER SOC MECHANICAL ENGINEERS
49,AMER SOC MICROBIOLOGY
50,AMER SOC PLANT TAXONOMISTS
51,AMER UNIV CAIRO PRESS
52,AMSTERDAM UNIV PRESS
53,"ANALYTIC PRESS, INC"
54,ANDARTA BOOKS
55,ANDERSON PUBL CO
56,ANNUAL REVIEWS
57,ANTHEM PRESS
58,AOSIS
59,APPLE ACAD PRESS INC
60,APRESS
61,ARANZADI SOC SCIENCES
62,Arc Humanities Press
63,Arc Medieval Press
64,"ARCHEOLOGICKY USTAV AV CR, PRAHA, V V I"
65,ARDEN SHAKESPEARE
66,ARIADNA EDICIONES
67,ARTECH HOUSE
68,ARTEFACTUM PUBLISHING HOUSE
69,ARTS EXTENSION SERV
70,ASCD
71,"ASCLEPION PUBLISHING, LLC"
72,ASERS PUBLISHING
73,ASHGATE PUBLISHING LTD
74,ASM INTERNATIONAL
75,ASOCIACION ESPANOLA MICOLOGIA
76,ASSOC AUSTRALASIAN PALAEONTOLOGISTS
77,ASSOC COLL RESEARCH LIBRARIES
78,ASTM INTERNATIONAL
79,ASTRONOMICAL SOC PACIFIC
80,ATENEO DE MANILA UNIV
81,ATHABASCA UNIV PRESS
82,ATLANTIS PRESS
83,"AUERBACH PUBLICATIONS, TAYLOR & FRANCIS GROUP"
84,AUSTRALASIAN INST MINING & METALLURGY
85,AUSTRALIAN CENTRE INT AGRICULTURAL RESEARCH
86,AUSTRALIAN GOVT PUBL SERV
87,AUSTRALIAN NATL UNIV
88,AUSTRIAN ACAD SCIENCE PRESS
89,"BALTIC MARINE ENVIRONM PROTECTCOMMISS, HELSINKI COMMISSION"
90,BANCO REPUBLICA-CENTRAL BANK COLOMBIA
91,BAYLOR UNIV
92,BAYWOOD PUBLISHING CO INC
93,"BEGELL HOUSE, INC"
94,BENTHAM SCIENCE PUBL
95,BERG PUBLISHERS LTD
96,BIELEFELD UNIV PRESS
97,BIRKBECK LAW PRESS
98,BIRKHAUSER
99,BIRKHAUSER BOSTON
100,BIRKHAUSER VERLAG AG
101,BLACKWELL PUBL
102,BLACKWELL SCIENCE PUBL
103,BLOOMSBURY ACADEMIC
104,BLOOMSBURY EDUCATION
105,BLOOMSBURY METHUEN DRAMA
106,BLOOMSBURY PUBL INC
107,BLOOMSBURY T & T CLARK
108,BLOOMSBURY VISUAL ARTS
109,BLOOMSBURY WILDLIFE
110,BOHN STAFLEU VAN LOGHUM
111,BOLYAI JANOS MATEMATIKA TARSULAT
112,BOSQUE UNIV
113,BOTANIC GARDEN MEISE-JARDIN BOTANIQUE MEISE
114,BRANDEIS UNIV PRESS
115,BREPOLS PUBLISHERS
116,BRILL
117,BRILL NIJHOFF
118,BRILL RODOPI
119,BRILL SENSE
120,BRISTOL UNIV PR
121,BRITISH FILM INST
122,BRITISH PSYCHOLOGICAL SOC
123,BROOKINGS INST
124,BROOKS / COLE PUBL CO
125,"BULGARIAN ACAD SCIENCES, INST BALKAN STUDIES & CENTRE THRACOLOGY"
126,BULLETIN ASIA INST
127,BURKE MUSEUM NATURAL HISTORY & CULTURE
128,BURLEIGH DODDS SCIENCE PUBLISHING LTD
129,BUTTERWORTH-HEINEMANN
130,C E R N
131,C P GILLETTE MUSEUM ARTHROPOD DIVERSITY
132,CA PRESS
133,CABI PUBLISHING-C A B INT
134,CAISTER ACADEMIC PRESS
135,CAMBRIDGE INTERNATIONAL SCIENCE PUBLISHING
136,CAMBRIDGE PHILOLOGICAL SOC
137,CAMBRIDGE SCHOLARS PUBLISHING LTD
138,CAMBRIDGE UNIV PRESS
139,CAMEL PUBLISHING HOUSE
140,CAMPUS VERLAG
141,CARMELITE PUBL HOUSE LTD
142,CASA EDITRICE SCIENTIFICA INTERNAZIONALE
143,CATENA SOIL SCIENCES
144,CBS-KNAW FUNGAL BIODIVERSITY CENTRE
145,CENAA-CENTRE EUROPEAN & NORTH ATLANTIC AFFAIRS
146,CENTER BASQUE STUDIES
147,CENTER PHILOSOPHY SCIENCES UNIV LISBON
148,CENTER STUDY DEMOCRACY
149,CENTER TAXATION RESEARCH COLOMBIAN INST TAX LAW
150,CENTRAL EUROPEAN UNIV PRESS
151,CENTRE INFORMATION STUDIES
152,CENTRUM PRO STUDIUM DEMOKRACIE & KULTURY-CDK
153,CHANDOS PUBL
154,CHANNEL VIEW PUBLICATIONS
155,CHAPMAN & HALL/CRC PRESS
156,CHARLES UNIV PRAGUE
157,"CHARLES UNIV, FAC SCIENCE"
158,CHARTERED INST MANAGEMENT ACCOUNTANTS
159,CHEMICAL INDUSTRY PRESS
160,CHEMTEC PUBLISHING
161,CHINESE UNIV HONG KONG PRESS
162,CIE CENTRAL BUREAU
163,CLAME-COMITE LATINOAMERICANO MAT EDUC
164,CODON PUBLICATIONS
165,COLD SPRING HARBOR LABORATORY PRESS
166,COLOMBIAN OBSERVATORY SCIENCE & TECHNOLOGY
167,COLUMBIA UNIV PRESS
168,"COMENIUS UNIV BRATISLAVA, DEPT ARCHAEOLOGY"
169,COMPUTATIONAL MECHANICS PUBLICATIONS LTD
170,"COMUNE UDINE, MUSEO FRIULANO STORIA NATURALE"
171,CONCHBOOKS
172,"CONSEJO SUPERIOR INVESTIGACIONES CIENT, CSIC"
173,CONSEJO SUPERIOR INVESTIGACIONES CIENTIFICAS
174,CONSERVATOIRE & JARDIN BOTAN VILLE GENEVE
175,CONTINUUM INT PUBLISHING GROUP
176,COOPER ORNITHOLIGICAL SOCIETY
177,"COPERNICUS AN IMPRINT OF SPRINGER, NY"
178,COR JESU PUBL HOUSE
179,CORILA
180,CORNELL UNIV PRESS
181,CRC PRESS-BALKEMA
182,CRC PRESS-TAYLOR & FRANCIS GROUP
183,CROATIAN ACAD SCIENCES & ARTS
184,CROATIAN ACADEMY ENGINEERING
185,CROP SCIENCE SOC AMER
186,CSIRO PUBLISHING
187,CUADERNOS DE ANUARIO FILOSOFICO
188,"CZECH ACAD SCIENCES, PRAGUE, INST ARCHAEOLOGY"
189,CZECH TECHNICAL UNIV PUBLISHING HOUSE
190,DAIREA EDICIONES
191,DARLINGTON PRESS
192,DARTMOUTH COLLEGE PRESS
193,DAS ES SALAAM UNIV PRESS LTD
194,DAVID FULTON PUBL LTD
195,DE G PRESS
196,DE GRUYTER AKAD FORSCHUNG
197,DE GRUYTER MOUTON
198,DE GRUYTER OLDENBOURG
199,DE GRUYTER OPEN LTD
200,DE GRUYTER SAUR
201,DEMOS MEDICAL PUBLICATIONS
202,DEPT FISHERIES & OCEANS FISH HABITAT MANAGEMENT BRANCH
203,"DESTECH PUBLICATIONS, INC"
204,DEUTSCHEN GESELL ALLGEMEINE & ANGEWANDTE ENTOMOLOGIE
205,DEUTSCHER KUNSTVERLAG BERLIN
206,DEUTSCHES GRUNES KREUZ E V-GERMAN GREEN CROSS
207,DOLLING UND GALITZ VERLAG
208,DUKE UNIV PRESS
209,DUNEDIN ACAD PRESS LTD
210,DUQUESNE UNIV PRESS
211,E D P SCIENCES
212,E SCHWEIZERBART'SCHE VERLAGSBUCHHANDLUNG
213,EARTHSCAN PUBLICATIONS LTD
214,EAST-WEST CENTER
215,ECOLE POLYTECHNIQUE
216,ECPR PRESS
217,EDICIONES UCSC-UNIV CATOLICA SANTISIMA CONCEPTION
218,EDICIOS CASTRO
219,EDINBURGH UNIV PRESS
220,Edition Sigma
221,EDITIONS RODOPI B V
222,EDITIONS TECHNIP
223,EDITORIAL A CONTRACORRIENTE
224,EDITORIAL BONAVENTURIANA
225,EDITORIAL UFV MADRID
226,EDITORIAL UNIV ABYA-YALA
227,EDITORIAL UPTC-EDITORIAL UNIV PEDAGOGICA & TECNOLOGICA COLOMBIA
228,EDITORIAL USACH
229,EDITURA ARGONAUT
230,EDITURA CU/ART
231,EDITURA EXCELSIOR ART
232,EDITURA ION IONESCU BRAD
233,EDIZIONI DELLA NORMALE
234,EDIZIONI GUERINI & ASSOC SPA
235,EDIZIONI MINERVA MEDICA
236,EDIZIONI QUASAR S TOGNON SRL
237,EDP SCIENCES S A
238,EDWARD ELGAR PUBLISHING LTD
239,EICK-VERLAG
240,EISENBRAUNS
241,ELSEVIER
242,ELSEVIER ACADEMIC PRESS INC
243,ELSEVIER BUTTERWORTH-HEINEMANN
244,ELSEVIER NORTH HOLLAND
245,ELSEVIER SCIENCE BV
246,ELSEVIER SCIENCE LTD
247,ELSEVIER SCIENCE PUBLISHERS BV BIOMEDICAL DIVISION
248,ELSEVIER SCIENTIFIC PUBL CO
249,ELSEVIER/NORTH-HOLLAND
250,EMBRAPA GADO LEITE
251,EMBRAPA SOJA
252,EMERALD GROUP PUBLISHING LTD
253,EMPIRE STATE EDITIONS
254,ENKE VERLAG
255,EPFL PRESS
256,EQUILIBRIA SRO
257,EQUINOX PUBLISHING LTD
258,ERNST & SOHN VERLAG ARCHITEKTUR & TECHNISCHE WISSENSCHAFTEN GMBH & CO KG
259,ESA PUBLICATIONS DIVISION C/O ESTEC
260,ESFERA CAOS EDITORES LDA
261,EUROPAE ARCHAEOLOGIA CONSILIUM-EAC
262,EUROPEAN ASSOC GEOSCIENTISTS & ENGINEERS
263,EUROPEAN FOREST INSTITUTE
264,EUROPEAN MATHEMATICAL SOC
265,EUROPEAN RESPIRATORY SOCIETY
266,FAC ECONOMICS OSIJEK
267,FERDINAND SCHONINGH
268,FILODIRITTO PUBLISHER
269,FIM DE SECULO-EDICOES
270,FISHERIES & OCEAN CANADA & NATURAL RESOURCES CANADA
271,FLACSO MEXICO-FACULTAD LATINOAMERICANA DE CIENCIAS SOCIALES
272,FLORISTISCH-SOZIOLOGISCHE ARBEITSGEMEINSCHAFT E V
273,FOCAL PRESS
274,FORDHAM UNIV PRESS
275,FOREST HISTORY SOC
276,FORUM ITALICUM
277,FOUQUE LITERATURVERLAG
278,FRANCES LINCOLN
279,FRANZ STEINER VERLAG GMBH
280,FREUND PUBL HOUSE LTD
281,FUNGAL DIVERSITY PRESS CTR RES FUNGAL DIVERSITY
282,GABLER VERLAG/SPRINGER FACHMEDIEN
283,GALLAUDET UNIV PR
284,GANGEMI EDITORE S P A
285,"GARLAND SCIENCE, TAYLOR & FRANCIS"
286,GAUDEAMUS
287,GAUDEAMUS PRESS
288,GEBR BORNTRAEGER VERLAGSBUCHHANDLUNG
289,GEBRUDER BORNTRAEGER
290,GEOLOGICAL SOC AMER INC
291,GEOLOGICAL SOC PUBLISHING HOUSE
292,GEORG THIEME VERLAG
293,GEORGETOWN UNIV PRESS
294,GLASSTREE ACAD PUBLISHING
295,GLOBAL ACADEMIC PUBLISHING
296,GLOBAL ORIENTAL
297,GOECKE & EVERS
298,GOLDSMITHS PRESS
299,GORGIAS PRESS
300,GOWER PUBL CO
301,GREENLEAF PUBLISHING
302,GUILFORD PRESS
303,GULF PROFESSIONAL PUBL
304,GULF PUBL CO
305,GUNTER NARR VERLAG
306,HARMATTAN
307,HARRINGTON PARK PRESS
308,HART PUBL
309,HART PUBLISHING LTD
310,HARVARD UNIV PRESS
311,HAWORTH PRESS INC
312,"HEINZ NIXDORF INST, UNIV PADERBORN"
313,Helm
314,HIGH RATE CONSULTING
315,HINDUSTAN BOOK AGENCY-INDIA
316,HODDER AND STAUGHTON LTD
317,HONG KONG UNIV PRESS
318,HORIZON SCIENTIFIC PRESS
319,HUMANA PRESS INC
320,I B TAURIS & CO LTD
321,IBEROAMERICANA EDITORIAL VERVUERT S L
322,IBIDEM VERLAG
323,IDEA GROUP PUBLISHING
324,IEEE
325,IGI GLOBAL
326,IL POLIGRAFO
327,ILR PRESS
328,IMPERIAL COLL PRESS
329,INDEPENDENT INST
330,INDIAN NATL SCIENCE ACAD
331,INFONORTICS LTD
332,INFORMA HEALTHCARE
333,INFORMATION AGE PUBLISHING-IAP
334,INFORMATION SCIENCE REFERENCE
335,INFORMATION TODAY INC
336,INNSBRUCK UNIV PRESS
337,INST BADAWCZY LESNICTWA
338,INST BOTANICA-SAO PAULO
339,"Inst Czech Literature, Czech Acad Sci"
340,INST ENGINEERING TECH-IET
341,INST INTL POLITICS & ECONOMICS
342,INST LATINOAMERICANO ALTOS ESTUDIOS-ILAE
343,INST LOCAL SELF-GOVERNMENT PUBLIC PROCUREMENT MARIBOR
344,INST NACIONAL SALUD PUBLICA
345,INST NATL ETUDES DEMOGRAPHIQUES ( INED )
346,INST POLITECNICO NACIONAL-IPN
347,"INST SLAVIC STUDIES, POLISH ACAD SCIENCES"
348,INST SOCIOLOGY CZECH ACAD SCIENCES-SOCIOLOGICKY USTAV AV CR
349,INST SOUTHEAST ASIAN STUDIES
350,INSTITUTE STUDY MAN INC
351,INSTYTUT BIOLOGII DOSWIADCZALNEJ IM MARCELGO NENCKIEGO
352,INT BUREAU FISCAL DOCUMENTATION
353,INT FREQUENCY SENSOR ASSOC-IFSA
354,INT GLACIOLOGICAL SOC
355,INT MONETARY FUND
356,INT OCEAN COLOUR COORDINATING GROUP-IOCCG
357,INT ORGANIZATION MIGRATION
358,INT SCIENTIFIC PUBLICATIONS
359,INT SHARIAH RESEARCH ACAD ISLAMIC FINANCE-ISRA
360,INTECH EUROPE
361,INTECHOPEN
362,INTELLECT LTD
363,INTER-AMERICAN DEVELOPMENT BANK
364,International Ocean Discovery Program
365,INTERNATIONAL PRESS INC BOSTON
366,INTERVARSITY PRESS
367,IOP PUBLISHING LTD
368,IOS PRESS
369,ISEAS - YUSOF ISHAK INST
370,ISLAND PRESS
371,"ISTANBUL UNIV PRESS, ISTANBUL UNIV RECTORATE"
372,ISTE LTD
373,IWA PUBLISHING
374,J CRAMER
375,JAI PRESS INC
376,JAI-ELSEVIER LTD
377,JAI-ELSEVIER SCI BV
378,JAI-ELSEVIER SCIENCE INC
379,JB METZLERSCHS VERLAGSBUCH-HANDLUNG
380,Jenny Stanford Publ Pte Ltd
381,JOHANN HEINRICH VON THUNEN INST
382,JOHN BENJAMINS B V PUBL
383,JOHN WILEY & SONS
384,JOHN WILEY & SONS INC
385,JOHN WILEY & SONS LTD
386,JOHN WILEY & SONS SINGAPORE PTE LTD
387,JOHNS HOPKINS UNIV PRESS
388,JONES & BARTLETT PUBLISHERS
389,JOSSEY-BASS
390,JULIUS KUHN-INST
391,JULIUSZ SCHAUDER CTR NONLINEAR STUDIES
392,K G SAUR VERLAG KG
393,KARGER
394,KLUWER ACADEMIC PUBLISHERS
395,KLUWER ACADEMIC/PLENUM PUBL
396,KOELTZ BOTANICAL BOOKS
397,KOGAN PAGE LTD
398,KONINKLIJK INST TAAL- LAND- ENVOLKENKUNDE (KITLV PRESS)
399,LANDES BIOSCIENCE
400,LANDLINKS PRESS
401,LARS MULLER PUBL
402,LATVIAN ACAD SCIENCES-LAS
403,LAWRENCE ERLBAUM ASSOC PUBL
404,"LEARNING SOLUTIONS, HIGHER EDUCATION SERVICE DELIVERY"
405,"LEFT COAST PRESS, INC"
406,LEGENDA-EUROPEAN HUMANITIES RESEARCH CENTRE
407,LEGENDA-MODERN HUMANITIES RES ASSN
408,LEIDEN UNIV PRESS
409,LIBRARY STRAHOV ROYAL CANONIA PREMONSTRATESIANS STRAHOV
410,LINCOLN INST LAND POLICY
411,LIPPINCOTT WILLIAMS & WILKINS
412,LIT VERLAG
413,LITHUANIAN UNIV EDUCATIONAL SCIENCES
414,LOUISIANA STATE UNIV PRESS
415,LOZZI ROMA S A S
416,LUND UNIV DEPT LINGUISTICS
417,LYNX HOUSE PRESS
418,M E SHARPE INC
419,MACN-MUSEO ARGENTINO CIENCIAS NATURALES
420,MAGNOLIA PRESS
421,"MANAAKI WHENUA PRESS, LANDCARE RESEARCH"
422,MANCHESTER UNIV PRESS
423,MANEY PUBLISHING
424,MANN GEBR VERLAG GMBH & CO
425,MANOHAR PUBLICATIONS
426,MANSON PUBLISHING LTD
427,MARTIN STRIZ PUBLISHING
428,MARTINUS NIJHOFF
429,MARY ANN LIEBERT INC
430,MASARYK UNIVERSITY-UNIVERSITY PRESS
431,MASARYKOVA UNIV
432,MATERIALS RESEARCH FORUM LLC
433,"MATFYZPRESS PUBL HOUSE, FAC MATH & PHYSICS"
434,MATHEMATICAL ASSOC AMERICA SERVICE CENTER
435,MAX RUBNER-INSTITUT
436,MCGILL-QUEENS UNIV PR
437,MEDIEVAL INST PUBLICATIONS
438,METHUEN DRAMA
439,"METROPOLITNI UNIV PRAHA, OPS"
440,MICHIGAN STATE UNIV PRESS
441,MINERALOGICAL SOC AMER & GEOCHEMICAL SOC
442,MINERALOGICAL SOCIETY GREAT BRITAIN & IRELAND
443,MIT PRESS
444,MOHR SIEBECK
445,MONASH UNIV PUBLISHING
446,MONDUZZI EDITORE S P A
447,"MONGOL GAZAR, SCIENTIFIC DIV"
448,MORGAN & CLAYPOOL PUBLISHERS
449,MORGAN KAUFMANN PUB INC
450,MOSCOW UNIV PRESS
451,MOUNTAIN PRESS PUBL CO
452,MULTILINGUAL MATTERS LTD
453,MUSEE NATL HISTOIRE NATURELLE
454,MUSEU NACIONAL-UNIV FEDERAL DO RIO DE JANEIRO
455,MUTYA PUBLISHING HOUSE INC
456,MUZEUM BESKYD
457,NABU WALDECK-FRANKENBERG
458,NAFTA PRESS
459,NAKLADATELSTVI UTB ZLINE
460,NARODNI PAMATKOVY USTAV-NATL HERITAGE INST
461,NARR FRANCKE ATTEMPTO VERLAG GMBH & CO KG
462,NATL ACADEMIES PRESS
463,"NATL ACADEMY SCIENCES UKRAINE, S P TIMOSHENKO INST MECHANICS"
464,NATL BOTANICAL GARDEN BELGIUM
465,NATL DEFENCE INDUSTRY PRESS
466,NATL PARKS & WILDLIFE SERVICE
467,NATURA OPTIMA DUX FOUNDATION
468,NATURAL ENERGY WORKS
469,NATURALIS BIODIVERSITY CENTER
470,NEISSE VERLAG
471,NEW ZEALAND FRESHWATER SCIENCES SOC
472,NEWNES
473,NOMOS VERLAGSGESELLSCHAFT
474,NOMOS VERLAGSGESELLSCHAFT MBH & CO KG
475,NORTH HOLLAND
476,"NORTH HOLLAND, ELSEVIER SCIENCE PUBL BV"
477,NORTHEASTERN UNIV PR
478,NORTH-EUROPEAN SCIENTIFIC PUBLISHERS-NESP
479,NORTHWESTERN UNIV PRESS
480,NORWEGIAN PETROLEUM DIRECTORATE
481,NOTTINGHAM UNIV PRESS
482,"NOVA SCIENCE PUBLISHERS, INC"
483,now PUBLISHERS
484,NSTA PRESS
485,NUS PRESS PTE LTD
486,OHIO STATE UNIV PRESS
487,OHIO UNIV PRESS
488,OLDENBOURG WISSENSCHAFTSVERLAG GMBH
489,OMNIASCIENCE
490,OPEN BOOK PUBL
491,ORTADOGU REKLAM TANITIM & YAYINCILIK
492,"OVERLOOK DUCKWORTH, PETER MAYER PUBL INC"
493,OXFORD FAJAR SDN BHD -008974-T
494,OXFORD UNIV PRESS
495,PABST SCIENCE PUBLISHERS
496,PALACKY UNIV OLOMOUC
497,PALAEONTOLOGICAL ASSOC
498,PALGRAVE
499,PALGRAVE MACMILLAN
500,PALGRAVE PIVOT
501,PALLAS PUBLICATIONS
502,PALMENIA CENTRE CONTINUING EDUCATION
503,PAN STANFORD PUBLISHING PTE LTD
504,PEARSON EDUCATION LTD
505,"PEDAGOGICAL UNIV CRACOW, INST EDUCATIONAL STUDIES"
506,PELAGIC PUBLISHING LTD
507,PENERBIT UMT PRESS
508,PENERBIT UNIV KEBANGSAAN MALAYSIA
509,Penerbit UTeM
510,PENERBIT UTM PRESS
511,PENNSYLVANIA STATE UNIV PRESS
512,PENSOFT PUBLISHERS
513,PERGAMON-ELSEVIER SCIENCE LTD
514,PETER LANG AG
515,PETER LANG GMBH
516,PETER LANG PUBLISHING INC
517,PHILOSOPHY DOCUMENTATION CENTER
518,PHILOSOPHY DOCUMENTATION CTR
519,PHYSICA-VERLAG GMBH & CO
520,PICKERING & CHATTO PUBL
521,PLUTO PRESS
522,POLICY PRESS
523,"POLISH ACAD SCIENCE, INST SYSTEMATICS EVOLUTION ANIMALS"
524,"POLISH ACAD SCIENCES, MUSEUM & INST ZOOLOGY, PAN-MUZEUM I INSTYTUT ZOOLOGII"
525,POLISH SCIENTIFIC PUBLISHERS PWN
526,POLSKIE TOWARZYSTWO ENTOMOLOGICZNE
527,POLY PRESS
528,"PONTIFICIA UNIV CATOLICA CHILE, FAC TEOLOGIA"
529,PONTIFICIA UNIV JAVERIANA-CALI
530,PORTLAND PRESS LTD
531,POTOMAC BOOKS
532,PRAESENS VERLAG
533,PRAXIS PUBLISHING LTD
534,PRESSES UNIV MIDI-PUM
535,PRESSES UNIV MIRAIL
536,PRINCETON UNIV PRESS
537,PRODUCTIVITY PRESS
538,PROFESSIONAL & HIGHER
539,PROMETHEUS BOOKS
540,PROQUEST INFO & LEARNING
541,PROVERSE HONG KONG
542,PSYCHOLOGY PRESS
543,PUBLICACIONES UNIV VALENCIA
544,PUBLICATIONS SCIENTIQUES DU MUSEUM
545,PURDUE UNIV PRESS
546,PURICH PUBL LTD
547,QUINTESSENCE PUBLISHING CO INC
548,RAM-VERLAG
549,REAL SOC ESPANOLA HIST NATURAL
550,Reeds
551,RENAISSANCE INST
552,RESOURCES FOR THE FUTURE PRESS
553,RIDGE BOOKS
554,RIVER PUBLISHERS
555,ROSENBERG & SELLIER
556,ROUTLEDGE
557,ROUTLEDGE & KEGAN PAUL INC
558,ROWMAN & LITTLEFIELD PUBL INC
559,ROYAL ARMOURIES
560,ROYAL COLL PSYCHIATRISTS
561,ROYAL HISTORICAL SOC
562,ROYAL SOC CHEMISTRY
563,RTI PRESS
564,RTU PRESS
565,RUSSELL SAGE FOUNDATION
566,"RUSSIAN ACAD SCIENCES, INST FAR EASTERN STUDIES"
567,S E P M - SOC SEDIMENTARY GEOLOGY
568,SAE INTERNATIONAL
569,SAGE PUBLICATIONS INC
570,SAS INST INC
571,SCHATTAUER GMBH-VERLAG MEDIZIN NATURWISSENSCHAFTEN
572,SCIENCE HISTORY PUBLICATIONS/ USA
573,SCIENCE PRESS BEIJING
574,SCIENCE PUBLISHERS INC
575,SCIENDO
576,SCIENTIFIC PUBLISHERS
577,SCITECH PUBL INC
578,SCPG PUBLISHING CORP
579,SCRIVENER PUBLISHING LLC
580,SCUOLA NORMALE SUPERIORE
581,SEA - SOC ENTOMOL ARAGONESA
582,SELLO EDITORIAL UNICATOLICA-FUND UNIV CATOLICA LUMEN GENTIUM
583,SEMIOTEXT-E
584,SENCKENBERG GESELLSCHAFT NATURFORSCHUNG
585,SENCKENBERGISCHE NATURFORSCHENDE GESELLSCHAFT
586,SENN DELANEY
587,SENSE PUBLISHERS
588,SERBIAN ACAD SCIENCES ARTS
589,SGU-SVERIGES GEOLOGISKA UNDERSOKNING-GEOLOGY SURVEY SWEDEN
590,SIAM
591,SIAM SOC ROYAL PATRONAGE
592,SILENO EDIZIONI
593,SILKWORM BOOKS
594,SIMON AND SCHUSTER
595,SINAUER ASSOC
596,SKIRA EDITORE S P A
597,SLACK INC
598,SLOVAK ACAD SCIENCES
599,SLOVAK ACADEMY SCIENCES MATHEMATICAL INSTITUTE
600,SLOVENSKA AKADEMIJA ZNANOSTI UMETNOSTI
601,SLOVENSKE PEDAGOGICKE NAKLADATELSTVO
602,SOC BRASILEIRA PALEONTOLOGIA
603,SOC CHIMICA ITALIANA
604,"SOC ECONOMIC GEOLOGISTS, INC"
605,SOC EXPLORATION GEOPHYSICISTS
606,SOC MINING METALLURGY & EXPLORATION INC
607,SOC NAUTICAL RESEARCH
608,SOC PROMOTION SCIENCE & SCHOLARSHIP-SPOSS
609,SOCIAL INSURANCE INST
610,SOCIETE MATHEMATIQUE FRANCE
611,SOIL SCIENCE SOC AMER
612,SOLIVAGUS-VERLAG
613,Sonntag Verlag in
614,SOUTH AFRICAN NATL BIODIVERSITY INST-SANBI
615,SOUTH DAKOTA ACAD SCIENCE
616,South Limestone Books
617,SPEKTRUM AKADEMISCHER VERLAG GMBH
618,SPIE-INT SOC OPTICAL ENGINEERING
619,SPINGER-VERLAG IBERICA
620,SPON PRESS
621,SPRINGER
622,SPRINGER BASEL AG
623,SPRINGER INDIA
624,SPRINGER INTERNATIONAL PUBLISHING AG
625,SPRINGER JAPAN KK
626,SPRINGER NATURE SWITZERLAND AG
627,SPRINGER PUBLISHING CO
628,SPRINGER SPEKTRUM/SPRINGER FACHMEDIEN
629,SPRINGER VERLAG PARIS
630,SPRINGER VIEWEG VERLAG
631,SPRINGER VS/SPRINGER FACHMEDIEN
632,SPRINGER-VERLAG BERLIN
633,SPRINGER-VERLAG FRANCE
634,SPRINGER-VERLAG ITALIA
635,SPRINGER-VERLAG LONDON LTD
636,SPRINGER-VERLAG SINGAPORE PTE LTD
637,SPRINGER-VERLAG TOKYO
638,SPRINGER-VERLAG WIEN
639,ST JOSEPH UNIV PRESS
640,ST PETERSBURG UNIV PR
641,STANFORD UNIV PRESS
642,STEINKOPFF DARMSTADT
643,STRATPOL - STRATEGIC POLICY INSTITUTE
644,STRATPOL-STRATEGIC POLICY INSTITUTE
645,STUDIUM PRESS LLC
646,SUNA & INAN KIRAC RES INST MEDITERRANEAN CIVILIZATIONS
647,SUNY-STATE UNIV NEW YORK PRESS
648,SUOMALAINEN TIEDEAKATEMIA-ACADEMIA SCIENTIARUM FENNICA
649,SUOMALAISEN KIRJALLISUUDEN SEURA
650,SUOMEN HISTORIALLINEN SEURA
651,SURREY BEATTY & SONS
652,SWISS FEDERAL RESEARCH INST WSL
653,SYDNEY UNIV PRESS
654,SYMPOSIUM BOOKS
655,SYNGRESS
656,T & T CLARK INT
657,T & T CLARK LTD
658,T&T; CLARK
659,TALLINN UNIV PRESS
660,TAYLOR & FRANCIS LTD
661,TECHNE PRESS
662,TECHNICAL RESEARCH CENTRE FINLAND
663,TECNOLOGICO ANTIOQUIA
664,Tectum Verlag
665,TEL AVIV UNIV DAYAN CENTER SHILOAH INST
666,TEMPLE UNIV PRESS
667,THIEME MEDICAL PUBLISHERS INC
668,TIMES MIRROR / MOSBY COLL PUBL
669,TMC ASSER PRESS
670,TOMAS BATA UNIV ZLIN
671,TRANS TECH PUBLICATIONS LTD
672,TRANSACTION PUBLISHERS
673,TRANSCRIPT VERLAG
674,TRANSNATIONAL PUBS INC
675,TRANSPORT INFRASTRUCTURE & CONSTRUCTION INST LTD
676,TRIVENT PUBLISHER
677,TSINGHUA UNIV
678,TSINGHUA UNIV PRESS
679,TUBA-TURKISH ACAD SCIENCES
680,TURKISH MARINE RESEARCH FOUNDATION-TUDAV
681,TURKIYE KLINIKLERI
682,UDEKOM BALKAN
683,UITGEVERIJ WAANDERS BV
684,UNESCO
685,UNIV ADELAIDE PRESS
686,UNIV AGUSTINIANA
687,UNIV ALASKA PRESS
688,UNIV ALBERTA DEPT ANIMAL SCIENCE
689,UNIV ARKANSAS PRESS
690,UNIV AUTONOMA OCCIDENTE
691,UNIV BASQUE COUNTRY UPV-EHU PRESS
692,"UNIV BELGRADE, FAC SECURITY STUDIES"
693,UNIV BOGOTA JORGE TADEO LOZANO
694,UNIV BOSQUE
695,UNIV BRITISH COLUMBIA PRESS
696,UNIV CADIZ
697,UNIV CALGARY PRESS
698,UNIV CALIFORNIA PRESS
699,UNIV CATOLICA COLOMBIA
700,UNIV CHICAGO PRESS
701,"UNIV CHILE, FACULTY ARTS"
702,UNIV COIMBRA
703,UNIV COOPERATIVE COLOMBIA
704,UNIV DELAWARE
705,UNIV DELAWARE PRESS
706,"UNIV EAST SARAJEVO, FAC MEDICINE"
707,UNIV EXTERNADO COLOMBIA
708,UNIV FLORIDA PRESS
709,UNIV GEORGIA PRESS
710,UNIV GUADALAJARA
711,UNIV HAWAII PRESS
712,UNIV ICESI
713,UNIV ILLINOIS PRESS
714,UNIV INNSBRUCK INST VERGLEICHENDE SPRACHWISSENSCHAFT
715,UNIV KARLOVA
716,UNIV KARLOVA PRAZE
717,"UNIV LJUBLJANI, FAK FILOZOFSKA"
718,UNIV LOS ANDES
719,UNIV MANITOBA
720,UNIV MARIBOR PRESS
721,UNIV MICHIGAN PRESS
722,"UNIV MICHIGAN, MUSEUM ANTHROPOL"
723,UNIV MINNESOTA PRESS
724,UNIV MUSEUM
725,UNIV NAC ABIERTA & DISTANCIA
726,"UNIV NAC COLOMBIA, FAC MEDICINA"
727,UNIV NACIONAL AUTONOMA MEXICO
728,UNIV NEBRASKA PRESS
729,UNIV NEBRASKA-LINCOLN LIBRARIES
730,UNIV NEW HAMPSHIRE PRESS
731,UNIV NEW MEXICO PRESS
732,UNIV NORTE
733,UNIV NORTH CAROLINA PRESS
734,UNIV NORTH TEXAS PRESS
735,UNIV NOTRE DAME PRESS
736,UNIV PALACKEHO V OLOMOUCI
737,UNIV PENNSYLVANIA MUSEUM ARCHAEOLOGY & ANTHROPOLOGY
738,UNIV PENNSYLVANIA PRESS
739,UNIV PITTSBURGH PRESS
740,UNIV POLITECNICA VALENCIA
741,UNIV PRESS COLORADO
742,UNIV PRESS FLORIDA
743,UNIV PRESS KENTUCKY
744,UNIV PRESS MISSISSIPPI
745,UNIV PRESS NEW ENGLAND
746,UNIV PRESS SOUTHERN DENMARK
747,UNIV PRESS VIRGINIA
748,UNIV PUTRA MALAYSIA
749,UNIV REMINGTON FONDO EDITORIAL
750,UNIV ROSARIO
751,UNIV SANTIAGO CALI
752,UNIV SANTO TOMAS
753,"UNIV SAO PAULO, ESCOLA COMUNICACOES & ARTES"
754,UNIV SERGIO ARBOLEDA
755,UNIV SILESIA
756,UNIV SONORA
757,UNIV SS CYRIL & METHODIUS TRNAVA-UCM TRNAVA
758,UNIV TARTU PRESS
759,UNIV TEXAS PRESS
760,UNIV UTARA MALAYSIA PRESS
761,UNIV UTARA MALAYSIA-UUM
762,UNIV VERACRUZANA
763,UNIV WALES PRESS
764,UNIV WARSAW PRESS
765,UNIV WASHINGTON PRESS
766,UNIV WEST BOHEMIA
767,UNIV WINTER GMBH
768,UNIV WISCONSIN PRESS
769,"UNIV ZAGREB, FAC MINING, GEOLOGY & PETROLEUM ENGINEERING"
770,Universitas Press
771,URAL FEDERAL UNIV
772,URBAN LAND INSTITUTE
773,URBANOMIC MEDIA LTD
774,US INST PEACE
775,USDA FOREST SERVICE
776,UTAH STATE UNIV PRESS
777,UTS EPRESS
778,VANDENHOECK & RUPRECHT GMBH
779,VANDERBILT UNIV PRESS
780,VEB VERLAG VOLK GESUNDHEIT BERLIN
781,VERBUM-CATHOLIC UNIV RUZOMBEROK PRESS
782,VERLAG OSTERREICHISCHEN AKAD WISSENSCHAFTEN
783,"VERSITA, VERSITA LTD"
784,VIELLA LIBRERIA EDITRICE
785,VIEWEG-TEUBNER VERLAG GMBH
786,"VILNIUS GEDIMINAS TECHNICAL UNIV PRESS, TECHNIKA"
787,VILNIUS UNIV PRESS
788,"VILNIUS UNIV, DEPT POLYMER CHEMISTRY"
789,VIT KABOUREK
790,VOJNOTEHNICKI INSTITUT
791,VS VERLAG SOZIALWISSENSCHAFTEN-GWV FACHVERLAGE GMBH
792,VSB-TECH UNIV OSTRAVA
793,VYDAVATELSTVI A NAKLADATELSTVI ALES CENEK
794,W BERTELSMANN VERLAG GMBH & CO KG
795,W KOHLHAMMER GMBH STUTTGART
796,WAGENINGEN ACAD PUBL
797,WALTER DE GRUYTER GMBH
798,WELLCOME INST HISTORY MEDICINE
799,WESTDEUTSCHER VERLAG GMBH
800,WHITE HORSE PRESS
801,WHITTLES PUBL SERVICES
802,WHO REGIONAL OFFICE EUROPE
803,WILEY PERIODICALS
804,WILEY-BLACKWELL
805,Wiley-IEEE Press
806,"WILEY-LISS, INC"
807,WILEY-V C H VERLAG GMBH
808,"WILEY-VCH, INC"
809,WILFRID LAURIER UNIV PRESS
810,WILLAN PUBL
811,WILLIAM ANDREW INC
812,WIT PRESS
813,WIT PRESS/COMPUTATIONAL MECHANICS PUBLICATIONS
814,WITS UNIV PRESS
815,WOODHEAD PUBL LTD
816,WOODHEAD PUBLISHING INDIA PVT LTD
817,WORLD BANK INST
818,WORLD CENTURY PUBLISHING CORP
819,WORLD COLL
820,WORLD HEALTH ORGANIZATION
821,WORLD SCIENTIFIC AND ENGINEERING ACAD AND SOC
822,WORLD SCIENTIFIC PUBL CO PTE LTD
823,WORLDWATCH INST
824,WVT WISSENSCHAFTLICHER VERLAG TRIER
825,"WYDAWNICTWO NAUKOWE UAM,"
826,WYDAWNICTWO NAUKOWE UNIW SZCZECINSKIEGO
827,WYDAWNICTWO UNIV JAGIELLONSKEG
828,WYDAWNICTWO UNIV WARMINISKO-MAZURSKIEGO OTSZTYNIE
829,WYDAWNICTWO WYZSZEJ SZKOLY EKONOMICZNO-SPOLECZNEJ & OSTROLECE
830,YALE UNIV PRESS
831,ZALOZBA UNIV PRIMORSKEM/ UNIV PRIMORSKA PRESS
832,ZIP PUBLISHING
833,ZONE BOOKS
834,ZRC PUBLISHING
